Workbook

Sheet Region 1
A1: APARTMENT CORP | RENT & VOUCHER DATA COLLECTION
A2: Region 1 | Regional Manager: JR Rolon | jrrolon@apartmentcorp.com
A3: SECTION 1 — CURRENT RENTS (monthly rent per unit type + AMI levels, HAP & CoStar)
A4: Property Name | B4: Studio | C4: 1 BR | D4: 2 BR | E4: 3 BR | F4: 4 BR | G4: 5 BR | H4: 30% AMI | I4: 35% AMI | J4: 40% AMI | K4: 50% AMI | L4: 55% AMI | M4: 60% AMI | N4: HAP | O4: CoStar | P4: Notes
A5: Boca Ciega Townhomes Apts
A6: Coral Village
A7: Cumberland Apts
A8: Holiday Apts
A9: Jefferson Arms Apts
A10: Macedonia Garden Apts
A11: Opa Locka - 135th St Apts
A12: Village Green Apts
A13: Walnut Hill Apartments
A15: SECTION 2 — VOUCHER PAYMENT STANDARDS (HAP / voucher amount per bedroom size)
A16: Property Name | B16: Studio | C16: 1 BR | D16: 2 BR | E16: 3 BR | F16: 4 BR | G16: 5 BR | H16: Notes
A17: Boca Ciega Townhomes Apts
A18: Coral Village
A19: Cumberland Apts
A20: Holiday Apts
A21: Jefferson Arms Apts
A22: Macedonia Garden Apts
A23: Opa Locka - 135th St Apts
A24: Village Green Apts
A25: Walnut Hill Apartments
A27: SECTION 3 — UTILITY ALLOWANCES (monthly utility allowance per bedroom size)
A28: Property Name | B28: Studio | C28: 1 BR | D28: 2 BR | E28: 3 BR | F28: 4 BR | G28: 5 BR | H28: Notes
A29: Boca Ciega Townhomes Apts
A30: Coral Village
A31: Cumberland Apts
A32: Holiday Apts
A33: Jefferson Arms Apts
A34: Macedonia Garden Apts
A35: Opa Locka - 135th St Apts
A36: Village Green Apts
A37: Walnut Hill Apartments

Sheet Region 2
A1: APARTMENT CORP | RENT & VOUCHER DATA COLLECTION
A2: Region 2 | Regional Manager: Susan Lopez | susan@apartmentcorp.com
A3: SECTION 1 — CURRENT RENTS (monthly rent per unit type + AMI levels, HAP & CoStar)
A4: Property Name | B4: Studio | C4: 1 BR | D4: 2 BR | E4: 3 BR | F4: 4 BR | G4: 5 BR | H4: 30% AMI | I4: 35% AMI | J4: 40% AMI | K4: 50% AMI | L4: 55% AMI | M4: 60% AMI | N4: HAP | O4: CoStar | P4: Notes
A5: Breckenridge Village
A6: Grace Townhomes
A7: Grove Park Terrace
A8: La Promesa
A9: Lexington Arms
A10: River Pointe Apts
A12: SECTION 2 — VOUCHER PAYMENT STANDARDS (HAP / voucher amount per bedroom size)
A13: Property Name | B13: Studio | C13: 1 BR | D13: 2 BR | E13: 3 BR | F13: 4 BR | G13: 5 BR | H13: Notes
A14: Breckenridge Village
A15: Grace Townhomes
A16: Grove Park Terrace
A17: La Promesa
A18: Lexington Arms
A19: River Pointe Apts
A21: SECTION 3 — UTILITY ALLOWANCES (monthly utility allowance per bedroom size)
A22: Property Name | B22: Studio | C22: 1 BR | D22: 2 BR | E22: 3 BR | F22: 4 BR | G22: 5 BR | H22: Notes
A23: Breckenridge Village
A24: Grace Townhomes
A25: Grove Park Terrace
A26: La Promesa
A27: Lexington Arms
A28: River Pointe Apts

Sheet Region 3
A1: APARTMENT CORP | RENT & VOUCHER DATA COLLECTION
A2: Region 3 | Regional Manager: Ginger Positerry | ginger@apartmentcorp.com
A3: SECTION 1 — CURRENT RENTS (monthly rent per unit type + AMI levels, HAP & CoStar)
A4: Property Name | B4: Studio | C4: 1 BR | D4: 2 BR | E4: 3 BR | F4: 4 BR | G4: 5 BR | H4: 30% AMI | I4: 35% AMI | J4: 40% AMI | K4: 50% AMI | L4: 55% AMI | M4: 60% AMI | N4: HAP | O4: CoStar | P4: Notes
A5: Arbor Crest Apts
A6: Bayou Pointe
A7: Gates - Property Manager
A8: Howell Place
A9: Marrero 3
A10: North Pointe
A11: Pelican Bay
A12: Pirates Bend
A13: Ruby Diamond / Star Homes
A14: St. Charles Place
A15: Thibodaux - Colonial Estates Apts
A16: Yorkshire (office)/Windsor Village
A18: SECTION 2 — VOUCHER PAYMENT STANDARDS (HAP / voucher amount per bedroom size)
A19: Property Name | B19: Studio | C19: 1 BR | D19: 2 BR | E19: 3 BR | F19: 4 BR | G19: 5 BR | H19: Notes
A20: Arbor Crest Apts
A21: Bayou Pointe
A22: Gates - Property Manager
A23: Howell Place
A24: Marrero 3
A25: North Pointe
A26: Pelican Bay
A27: Pirates Bend
A28: Ruby Diamond / Star Homes
A29: St. Charles Place
A30: Thibodaux - Colonial Estates Apts
A31: Yorkshire (office)/Windsor Village
A33: SECTION 3 — UTILITY ALLOWANCES (monthly utility allowance per bedroom size)
A34: Property Name | B34: Studio | C34: 1 BR | D34: 2 BR | E34: 3 BR | F34: 4 BR | G34: 5 BR | H34: Notes
A35: Arbor Crest Apts
A36: Bayou Pointe
A37: Gates - Property Manager
A38: Howell Place
A39: Marrero 3
A40: North Pointe
A41: Pelican Bay
A42: Pirates Bend
A43: Ruby Diamond / Star Homes
A44: St. Charles Place
A45: Thibodaux - Colonial Estates Apts
A46: Yorkshire (office)/Windsor Village

Sheet Region 4
A1: APARTMENT CORP | RENT & VOUCHER DATA COLLECTION
A2: Region 4 | Regional Manager: Blake Weddington | blake@apartmentcorp.com
A3: SECTION 1 — CURRENT RENTS (monthly rent per unit type + AMI levels, HAP & CoStar)
A4: Property Name | B4: Studio | C4: 1 BR | D4: 2 BR | E4: 3 BR | F4: 4 BR | G4: 5 BR | H4: 30% AMI | I4: 35% AMI | J4: 40% AMI | K4: 50% AMI | L4: 55% AMI | M4: 60% AMI | N4: HAP | O4: CoStar | P4: Notes
A5: Anaheim Gardens Apts
A6: Columbia Village (Office)
A7: Fairfax Senior Apts (rings NWA)
A8: Forest View Senior Apts
A9: Granite Ridge Apts
A10: Midtown Manor (rings NWA)
A11: New Wilmington Arms (office)
A12: Oak Hills Apts
A13: Pacific Pointe Apts
A14: River Garden
A15: Urban Rehab 1 (rings NWA)
A16: Urban Rehab 2
A18: SECTION 2 — VOUCHER PAYMENT STANDARDS (HAP / voucher amount per bedroom size)
A19: Property Name | B19: Studio | C19: 1 BR | D19: 2 BR | E19: 3 BR | F19: 4 BR | G19: 5 BR | H19: Notes
A20: Anaheim Gardens Apts
A21: Columbia Village (Office)
A22: Fairfax Senior Apts (rings NWA)
A23: Forest View Senior Apts
A24: Granite Ridge Apts
A25: Midtown Manor (rings NWA)
A26: New Wilmington Arms (office)
A27: Oak Hills Apts
A28: Pacific Pointe Apts
A29: River Garden
A30: Urban Rehab 1 (rings NWA)
A31: Urban Rehab 2
A33: SECTION 3 — UTILITY ALLOWANCES (monthly utility allowance per bedroom size)
A34: Property Name | B34: Studio | C34: 1 BR | D34: 2 BR | E34: 3 BR | F34: 4 BR | G34: 5 BR | H34: Notes
A35: Anaheim Gardens Apts
A36: Columbia Village (Office)
A37: Fairfax Senior Apts (rings NWA)
A38: Forest View Senior Apts
A39: Granite Ridge Apts
A40: Midtown Manor (rings NWA)
A41: New Wilmington Arms (office)
A42: Oak Hills Apts
A43: Pacific Pointe Apts
A44: River Garden
A45: Urban Rehab 1 (rings NWA)
A46: Urban Rehab 2

Sheet Region 5
A1: APARTMENT CORP | RENT & VOUCHER DATA COLLECTION
A2: Region 5 | Regional Manager: Leslie Rolon | leslie@apartmentcorp.com
A3: SECTION 1 — CURRENT RENTS (monthly rent per unit type + AMI levels, HAP & CoStar)
A4: Property Name | B4: Studio | C4: 1 BR | D4: 2 BR | E4: 3 BR | F4: 4 BR | G4: 5 BR | H4: 30% AMI | I4: 35% AMI | J4: 40% AMI | K4: 50% AMI | L4: 55% AMI | M4: 60% AMI | N4: HAP | O4: CoStar | P4: Notes
A5: Silver Springs Terrace Apts
A6: Thomasville Church Homes
A8: SECTION 2 — VOUCHER PAYMENT STANDARDS (HAP / voucher amount per bedroom size)
A9: Property Name | B9: Studio | C9: 1 BR | D9: 2 BR | E9: 3 BR | F9: 4 BR | G9: 5 BR | H9: Notes
A10: Silver Springs Terrace Apts
A11: Thomasville Church Homes
A13: SECTION 3 — UTILITY ALLOWANCES (monthly utility allowance per bedroom size)
A14: Property Name | B14: Studio | C14: 1 BR | D14: 2 BR | E14: 3 BR | F14: 4 BR | G14: 5 BR | H14: Notes
A15: Silver Springs Terrace Apts
A16: Thomasville Church Homes

Sheet CONSOLIDATED MASTER
A1: APARTMENT CORP | CONSOLIDATED RENT & VOUCHER DATA — ALL REGIONS
A2: This sheet auto-updates from each region's tab. Do not edit directly.
A3: Region 1 | JR Rolon — CURRENT RENTS (monthly rent per unit type + AMI levels, HAP & CoStar)
A4: Property Name | B4: Studio | C4: 1 BR | D4: 2 BR | E4: 3 BR | F4: 4 BR | G4: 5 BR | H4: 30% AMI | I4: 35% AMI | J4: 40% AMI | K4: 50% AMI | L4: 55% AMI | M4: 60% AMI | N4: HAP | O4: CoStar | P4: Notes
A5: ='Region 1'!A5 | B5: ='Region 1'!B5 | C5: ='Region 1'!C5 | D5: ='Region 1'!D5 | E5: ='Region 1'!E5 | F5: ='Region 1'!F5 | G5: ='Region 1'!G5 | H5: ='Region 1'!H5 | ... P5: ='Region 1'!P5
A6: ='Region 1'!A6 | B6: ='Region 1'!B6 | C6: ='Region 1'!C6 | D6: ='Region 1'!D6 | E6: ='Region 1'!E6 | F6: ='Region 1'!F6 | G6: ='Region 1'!G6 | H6: ='Region 1'!H6 | ... P6: ='Region 1'!P6
A7: ='Region 1'!A7 | B7: ='Region 1'!B7 | C7: ='Region 1'!C7 | D7: ='Region 1'!D7 | E7: ='Region 1'!E7 | F7: ='Region 1'!F7 | G7: ='Region 1'!G7 | H7: ='Region 1'!H7 | ... P7: ='Region 1'!P7
A8: ='Region 1'!A8 | B8: ='Region 1'!B8 | C8: ='Region 1'!C8 | D8: ='Region 1'!D8 | E8: ='Region 1'!E8 | F8: ='Region 1'!F8 | G8: ='Region 1'!G8 | H8: ='Region 1'!H8 | ... P8: ='Region 1'!P8
A9: ='Region 1'!A9 | B9: ='Region 1'!B9 | C9: ='Region 1'!C9 | D9: ='Region 1'!D9 | E9: ='Region 1'!E9 | F9: ='Region 1'!F9 | G9: ='Region 1'!G9 | H9: ='Region 1'!H9 | ... P9: ='Region 1'!P9
A10: ='Region 1'!A10 | B10: ='Region 1'!B10 | C10: ='Region 1'!C10 | D10: ='Region 1'!D10 | E10: ='Region 1'!E10 | F10: ='Region 1'!F10 | G10: ='Region 1'!G10 | H10: ='Region 1'!H10 | ... P10: ='Region 1'!P10
A11: ='Region 1'!A11 | B11: ='Region 1'!B11 | C11: ='Region 1'!C11 | D11: ='Region 1'!D11 | E11: ='Region 1'!E11 | F11: ='Region 1'!F11 | G11: ='Region 1'!G11 | H11: ='Region 1'!H11 | ... P11: ='Region 1'!P11
A12: ='Region 1'!A12 | B12: ='Region 1'!B12 | C12: ='Region 1'!C12 | D12: ='Region 1'!D12 | E12: ='Region 1'!E12 | F12: ='Region 1'!F12 | G12: ='Region 1'!G12 | H12: ='Region 1'!H12 | ... P12: ='Region 1'!P12
A13: ='Region 1'!A13 | B13: ='Region 1'!B13 | C13: ='Region 1'!C13 | D13: ='Region 1'!D13 | E13: ='Region 1'!E13 | F13: ='Region 1'!F13 | G13: ='Region 1'!G13 | H13: ='Region 1'!H13 | ... P13: ='Region 1'!P13
A15: Region 1 | JR Rolon — VOUCHER PAYMENT STANDARDS (HAP / voucher amount per bedroom size)
A16: Property Name | B16: Studio | C16: 1 BR | D16: 2 BR | E16: 3 BR | F16: 4 BR | G16: 5 BR | H16: Notes
A17: ='Region 1'!A17 | B17: ='Region 1'!B17 | C17: ='Region 1'!C17 | D17: ='Region 1'!D17 | E17: ='Region 1'!E17 | F17: ='Region 1'!F17 | G17: ='Region 1'!G17 | H17: ='Region 1'!H17
A18: ='Region 1'!A18 | B18: ='Region 1'!B18 | C18: ='Region 1'!C18 | D18: ='Region 1'!D18 | E18: ='Region 1'!E18 | F18: ='Region 1'!F18 | G18: ='Region 1'!G18 | H18: ='Region 1'!H18
A19: ='Region 1'!A19 | B19: ='Region 1'!B19 | C19: ='Region 1'!C19 | D19: ='Region 1'!D19 | E19: ='Region 1'!E19 | F19: ='Region 1'!F19 | G19: ='Region 1'!G19 | H19: ='Region 1'!H19
A20: ='Region 1'!A20 | B20: ='Region 1'!B20 | C20: ='Region 1'!C20 | D20: ='Region 1'!D20 | E20: ='Region 1'!E20 | F20: ='Region 1'!F20 | G20: ='Region 1'!G20 | H20: ='Region 1'!H20
A21: ='Region 1'!A21 | B21: ='Region 1'!B21 | C21: ='Region 1'!C21 | D21: ='Region 1'!D21 | E21: ='Region 1'!E21 | F21: ='Region 1'!F21 | G21: ='Region 1'!G21 | H21: ='Region 1'!H21
A22: ='Region 1'!A22 | B22: ='Region 1'!B22 | C22: ='Region 1'!C22 | D22: ='Region 1'!D22 | E22: ='Region 1'!E22 | F22: ='Region 1'!F22 | G22: ='Region 1'!G22 | H22: ='Region 1'!H22
A23: ='Region 1'!A23 | B23: ='Region 1'!B23 | C23: ='Region 1'!C23 | D23: ='Region 1'!D23 | E23: ='Region 1'!E23 | F23: ='Region 1'!F23 | G23: ='Region 1'!G23 | H23: ='Region 1'!H23
A24: ='Region 1'!A24 | B24: ='Region 1'!B24 | C24: ='Region 1'!C24 | D24: ='Region 1'!D24 | E24: ='Region 1'!E24 | F24: ='Region 1'!F24 | G24: ='Region 1'!G24 | H24: ='Region 1'!H24
A25: ='Region 1'!A25 | B25: ='Region 1'!B25 | C25: ='Region 1'!C25 | D25: ='Region 1'!D25 | E25: ='Region 1'!E25 | F25: ='Region 1'!F25 | G25: ='Region 1'!G25 | H25: ='Region 1'!H25
A27: Region 1 | JR Rolon — UTILITY ALLOWANCES (monthly utility allowance per bedroom size)
A28: Property Name | B28: Studio | C28: 1 BR | D28: 2 BR | E28: 3 BR | F28: 4 BR | G28: 5 BR | H28: Notes
A29: ='Region 1'!A29 | B29: ='Region 1'!B29 | C29: ='Region 1'!C29 | D29: ='Region 1'!D29 | E29: ='Region 1'!E29 | F29: ='Region 1'!F29 | G29: ='Region 1'!G29 | H29: ='Region 1'!H29
A30: ='Region 1'!A30 | B30: ='Region 1'!B30 | C30: ='Region 1'!C30 | D30: ='Region 1'!D30 | E30: ='Region 1'!E30 | F30: ='Region 1'!F30 | G30: ='Region 1'!G30 | H30: ='Region 1'!H30
A31: ='Region 1'!A31 | B31: ='Region 1'!B31 | C31: ='Region 1'!C31 | D31: ='Region 1'!D31 | E31: ='Region 1'!E31 | F31: ='Region 1'!F31 | G31: ='Region 1'!G31 | H31: ='Region 1'!H31
A32: ='Region 1'!A32 | B32: ='Region 1'!B32 | C32: ='Region 1'!C32 | D32: ='Region 1'!D32 | E32: ='Region 1'!E32 | F32: ='Region 1'!F32 | G32: ='Region 1'!G32 | H32: ='Region 1'!H32
A33: ='Region 1'!A33 | B33: ='Region 1'!B33 | C33: ='Region 1'!C33 | D33: ='Region 1'!D33 | E33: ='Region 1'!E33 | F33: ='Region 1'!F33 | G33: ='Region 1'!G33 | H33: ='Region 1'!H33
A34: ='Region 1'!A34 | B34: ='Region 1'!B34 | C34: ='Region 1'!C34 | D34: ='Region 1'!D34 | E34: ='Region 1'!E34 | F34: ='Region 1'!F34 | G34: ='Region 1'!G34 | H34: ='Region 1'!H34
A35: ='Region 1'!A35 | B35: ='Region 1'!B35 | C35: ='Region 1'!C35 | D35: ='Region 1'!D35 | E35: ='Region 1'!E35 | F35: ='Region 1'!F35 | G35: ='Region 1'!G35 | H35: ='Region 1'!H35
A36: ='Region 1'!A36 | B36: ='Region 1'!B36 | C36: ='Region 1'!C36 | D36: ='Region 1'!D36 | E36: ='Region 1'!E36 | F36: ='Region 1'!F36 | G36: ='Region 1'!G36 | H36: ='Region 1'!H36
A37: ='Region 1'!A37 | B37: ='Region 1'!B37 | C37: ='Region 1'!C37 | D37: ='Region 1'!D37 | E37: ='Region 1'!E37 | F37: ='Region 1'!F37 | G37: ='Region 1'!G37 | H37: ='Region 1'!H37
A39: Region 2 | Susan Lopez — CURRENT RENTS (monthly rent per unit type + AMI levels, HAP & CoStar)
A40: Property Name | B40: Studio | C40: 1 BR | D40: 2 BR | E40: 3 BR | F40: 4 BR | G40: 5 BR | H40: 30% AMI | I40: 35% AMI | J40: 40% AMI | K40: 50% AMI | L40: 55% AMI | M40: 60% AMI | N40: HAP | O40: CoStar | P40: Notes
A41: ='Region 2'!A5 | B41: ='Region 2'!B5 | C41: ='Region 2'!C5 | D41: ='Region 2'!D5 | E41: ='Region 2'!E5 | F41: ='Region 2'!F5 | G41: ='Region 2'!G5 | H41: ='Region 2'!H5 | ... P41: ='Region 2'!P5
A42: ='Region 2'!A6 | B42: ='Region 2'!B6 | C42: ='Region 2'!C6 | D42: ='Region 2'!D6 | E42: ='Region 2'!E6 | F42: ='Region 2'!F6 | G42: ='Region 2'!G6 | H42: ='Region 2'!H6 | ... P42: ='Region 2'!P6
A43: ='Region 2'!A7 | B43: ='Region 2'!B7 | C43: ='Region 2'!C7 | D43: ='Region 2'!D7 | E43: ='Region 2'!E7 | F43: ='Region 2'!F7 | G43: ='Region 2'!G7 | H43: ='Region 2'!H7 | ... P43: ='Region 2'!P7
A44: ='Region 2'!A8 | B44: ='Region 2'!B8 | C44: ='Region 2'!C8 | D44: ='Region 2'!D8 | E44: ='Region 2'!E8 | F44: ='Region 2'!F8 | G44: ='Region 2'!G8 | H44: ='Region 2'!H8 | ... P44: ='Region 2'!P8
A45: ='Region 2'!A9 | B45: ='Region 2'!B9 | C45: ='Region 2'!C9 | D45: ='Region 2'!D9 | E45: ='Region 2'!E9 | F45: ='Region 2'!F9 | G45: ='Region 2'!G9 | H45: ='Region 2'!H9 | ... P45: ='Region 2'!P9
A46: ='Region 2'!A10 | B46: ='Region 2'!B10 | C46: ='Region 2'!C10 | D46: ='Region 2'!D10 | E46: ='Region 2'!E10 | F46: ='Region 2'!F10 | G46: ='Region 2'!G10 | H46: ='Region 2'!H10 | ... P46: ='Region 2'!P10
A48: Region 2 | Susan Lopez — VOUCHER PAYMENT STANDARDS (HAP / voucher amount per bedroom size)
A49: Property Name | B49: Studio | C49: 1 BR | D49: 2 BR | E49: 3 BR | F49: 4 BR | G49: 5 BR | H49: Notes
A50: ='Region 2'!A14 | B50: ='Region 2'!B14 | C50: ='Region 2'!C14 | D50: ='Region 2'!D14 | E50: ='Region 2'!E14 | F50: ='Region 2'!F14 | G50: ='Region 2'!G14 | H50: ='Region 2'!H14
A51: ='Region 2'!A15 | B51: ='Region 2'!B15 | C51: ='Region 2'!C15 | D51: ='Region 2'!D15 | E51: ='Region 2'!E15 | F51: ='Region 2'!F15 | G51: ='Region 2'!G15 | H51: ='Region 2'!H15
A52: ='Region 2'!A16 | B52: ='Region 2'!B16 | C52: ='Region 2'!C16 | D52: ='Region 2'!D16 | E52: ='Region 2'!E16 | F52: ='Region 2'!F16 | G52: ='Region 2'!G16 | H52: ='Region 2'!H16
A53: ='Region 2'!A17 | B53: ='Region 2'!B17 | C53: ='Region 2'!C17 | D53: ='Region 2'!D17 | E53: ='Region 2'!E17 | F53: ='Region 2'!F17 | G53: ='Region 2'!G17 | H53: ='Region 2'!H17
A54: ='Region 2'!A18 | B54: ='Region 2'!B18 | C54: ='Region 2'!C18 | D54: ='Region 2'!D18 | E54: ='Region 2'!E18 | F54: ='Region 2'!F18 | G54: ='Region 2'!G18 | H54: ='Region 2'!H18
A55: ='Region 2'!A19 | B55: ='Region 2'!B19 | C55: ='Region 2'!C19 | D55: ='Region 2'!D19 | E55: ='Region 2'!E19 | F55: ='Region 2'!F19 | G55: ='Region 2'!G19 | H55: ='Region 2'!H19
A57: Region 2 | Susan Lopez — UTILITY ALLOWANCES (monthly utility allowance per bedroom size)
A58: Property Name | B58: Studio | C58: 1 BR | D58: 2 BR | E58: 3 BR | F58: 4 BR | G58: 5 BR | H58: Notes
A59: ='Region 2'!A23 | B59: ='Region 2'!B23 | C59: ='Region 2'!C23 | D59: ='Region 2'!D23 | E59: ='Region 2'!E23 | F59: ='Region 2'!F23 | G59: ='Region 2'!G23 | H59: ='Region 2'!H23
A60: ='Region 2'!A24 | B60: ='Region 2'!B24 | C60: ='Region 2'!C24 | D60: ='Region 2'!D24 | E60: ='Region 2'!E24 | F60: ='Region 2'!F24 | G60: ='Region 2'!G24 | H60: ='Region 2'!H24
A61: ='Region 2'!A25 | B61: ='Region 2'!B25 | C61: ='Region 2'!C25 | D61: ='Region 2'!D25 | E61: ='Region 2'!E25 | F61: ='Region 2'!F25 | G61: ='Region 2'!G25 | H61: ='Region 2'!H25
A62: ='Region 2'!A26 | B62: ='Region 2'!B26 | C62: ='Region 2'!C26 | D62: ='Region 2'!D26 | E62: ='Region 2'!E26 | F62: ='Region 2'!F26 | G62: ='Region 2'!G26 | H62: ='Region 2'!H26
A63: ='Region 2'!A27 | B63: ='Region 2'!B27 | C63: ='Region 2'!C27 | D63: ='Region 2'!D27 | E63: ='Region 2'!E27 | F63: ='Region 2'!F27 | G63: ='Region 2'!G27 | H63: ='Region 2'!H27
A64: ='Region 2'!A28 | B64: ='Region 2'!B28 | C64: ='Region 2'!C28 | D64: ='Region 2'!D28 | E64: ='Region 2'!E28 | F64: ='Region 2'!F28 | G64: ='Region 2'!G28 | H64: ='Region 2'!H28
A66: Region 3 | Ginger Positerry — CURRENT RENTS (monthly rent per unit type + AMI levels, HAP & CoStar)
A67: Property Name | B67: Studio | C67: 1 BR | D67: 2 BR | E67: 3 BR | F67: 4 BR | G67: 5 BR | H67: 30% AMI | I67: 35% AMI | J67: 40% AMI | K67: 50% AMI | L67: 55% AMI | M67: 60% AMI | N67: HAP | O67: CoStar | P67: Notes
A68: ='Region 3'!A5 | B68: ='Region 3'!B5 | C68: ='Region 3'!C5 | D68: ='Region 3'!D5 | E68: ='Region 3'!E5 | F68: ='Region 3'!F5 | G68: ='Region 3'!G5 | H68: ='Region 3'!H5 | ... P68: ='Region 3'!P5
A69: ='Region 3'!A6 | B69: ='Region 3'!B6 | C69: ='Region 3'!C6 | D69: ='Region 3'!D6 | E69: ='Region 3'!E6 | F69: ='Region 3'!F6 | G69: ='Region 3'!G6 | H69: ='Region 3'!H6 | ... P69: ='Region 3'!P6
A70: ='Region 3'!A7 | B70: ='Region 3'!B7 | C70: ='Region 3'!C7 | D70: ='Region 3'!D7 | E70: ='Region 3'!E7 | F70: ='Region 3'!F7 | G70: ='Region 3'!G7 | H70: ='Region 3'!H7 | ... P70: ='Region 3'!P7
A71: ='Region 3'!A8 | B71: ='Region 3'!B8 | C71: ='Region 3'!C8 | D71: ='Region 3'!D8 | E71: ='Region 3'!E8 | F71: ='Region 3'!F8 | G71: ='Region 3'!G8 | H71: ='Region 3'!H8 | ... P71: ='Region 3'!P8
A72: ='Region 3'!A9 | B72: ='Region 3'!B9 | C72: ='Region 3'!C9 | D72: ='Region 3'!D9 | E72: ='Region 3'!E9 | F72: ='Region 3'!F9 | G72: ='Region 3'!G9 | H72: ='Region 3'!H9 | ... P72: ='Region 3'!P9
A73: ='Region 3'!A10 | B73: ='Region 3'!B10 | C73: ='Region 3'!C10 | D73: ='Region 3'!D10 | E73: ='Region 3'!E10 | F73: ='Region 3'!F10 | G73: ='Region 3'!G10 | H73: ='Region 3'!H10 | ... P73: ='Region 3'!P10
A74: ='Region 3'!A11 | B74: ='Region 3'!B11 | C74: ='Region 3'!C11 | D74: ='Region 3'!D11 | E74: ='Region 3'!E11 | F74: ='Region 3'!F11 | G74: ='Region 3'!G11 | H74: ='Region 3'!H11 | ... P74: ='Region 3'!P11
A75: ='Region 3'!A12 | B75: ='Region 3'!B12 | C75: ='Region 3'!C12 | D75: ='Region 3'!D12 | E75: ='Region 3'!E12 | F75: ='Region 3'!F12 | G75: ='Region 3'!G12 | H75: ='Region 3'!H12 | ... P75: ='Region 3'!P12
A76: ='Region 3'!A13 | B76: ='Region 3'!B13 | C76: ='Region 3'!C13 | D76: ='Region 3'!D13 | E76: ='Region 3'!E13 | F76: ='Region 3'!F13 | G76: ='Region 3'!G13 | H76: ='Region 3'!H13 | ... P76: ='Region 3'!P13
A77: ='Region 3'!A14 | B77: ='Region 3'!B14 | C77: ='Region 3'!C14 | D77: ='Region 3'!D14 | E77: ='Region 3'!E14 | F77: ='Region 3'!F14 | G77: ='Region 3'!G14 | H77: ='Region 3'!H14 | ... P77: ='Region 3'!P14
A78: ='Region 3'!A15 | B78: ='Region 3'!B15 | C78: ='Region 3'!C15 | D78: ='Region 3'!D15 | E78: ='Region 3'!E15 | F78: ='Region 3'!F15 | G78: ='Region 3'!G15 | H78: ='Region 3'!H15 | ... P78: ='Region 3'!P15
A79: ='Region 3'!A16 | B79: ='Region 3'!B16 | C79: ='Region 3'!C16 | D79: ='Region 3'!D16 | E79: ='Region 3'!E16 | F79: ='Region 3'!F16 | G79: ='Region 3'!G16 | H79: ='Region 3'!H16 | ... P79: ='Region 3'!P16
A81: Region 3 | Ginger Positerry — VOUCHER PAYMENT STANDARDS (HAP / voucher amount per bedroom size)
A82: Property Name | B82: Studio | C82: 1 BR | D82: 2 BR | E82: 3 BR | F82: 4 BR | G82: 5 BR | H82: Notes
A83: ='Region 3'!A20 | B83: ='Region 3'!B20 | C83: ='Region 3'!C20 | D83: ='Region 3'!D20 | E83: ='Region 3'!E20 | F83: ='Region 3'!F20 | G83: ='Region 3'!G20 | H83: ='Region 3'!H20
A84: ='Region 3'!A21 | B84: ='Region 3'!B21 | C84: ='Region 3'!C21 | D84: ='Region 3'!D21 | E84: ='Region 3'!E21 | F84: ='Region 3'!F21 | G84: ='Region 3'!G21 | H84: ='Region 3'!H21
A85: ='Region 3'!A22 | B85: ='Region 3'!B22 | C85: ='Region 3'!C22 | D85: ='Region 3'!D22 | E85: ='Region 3'!E22 | F85: ='Region 3'!F22 | G85: ='Region 3'!G22 | H85: ='Region 3'!H22
A86: ='Region 3'!A23 | B86: ='Region 3'!B23 | C86: ='Region 3'!C23 | D86: ='Region 3'!D23 | E86: ='Region 3'!E23 | F86: ='Region 3'!F23 | G86: ='Region 3'!G23 | H86: ='Region 3'!H23
A87: ='Region 3'!A24 | B87: ='Region 3'!B24 | C87: ='Region 3'!C24 | D87: ='Region 3'!D24 | E87: ='Region 3'!E24 | F87: ='Region 3'!F24 | G87: ='Region 3'!G24 | H87: ='Region 3'!H24
A88: ='Region 3'!A25 | B88: ='Region 3'!B25 | C88: ='Region 3'!C25 | D88: ='Region 3'!D25 | E88: ='Region 3'!E25 | F88: ='Region 3'!F25 | G88: ='Region 3'!G25 | H88: ='Region 3'!H25
A89: ='Region 3'!A26 | B89: ='Region 3'!B26 | C89: ='Region 3'!C26 | D89: ='Region 3'!D26 | E89: ='Region 3'!E26 | F89: ='Region 3'!F26 | G89: ='Region 3'!G26 | H89: ='Region 3'!H26
A90: ='Region 3'!A27 | B90: ='Region 3'!B27 | C90: ='Region 3'!C27 | D90: ='Region 3'!D27 | E90: ='Region 3'!E27 | F90: ='Region 3'!F27 | G90: ='Region 3'!G27 | H90: ='Region 3'!H27
A91: ='Region 3'!A28 | B91: ='Region 3'!B28 | C91: ='Region 3'!C28 | D91: ='Region 3'!D28 | E91: ='Region 3'!E28 | F91: ='Region 3'!F28 | G91: ='Region 3'!G28 | H91: ='Region 3'!H28
A92: ='Region 3'!A29 | B92: ='Region 3'!B29 | C92: ='Region 3'!C29 | D92: ='Region 3'!D29 | E92: ='Region 3'!E29 | F92: ='Region 3'!F29 | G92: ='Region 3'!G29 | H92: ='Region 3'!H29
A93: ='Region 3'!A30 | B93: ='Region 3'!B30 | C93: ='Region 3'!C30 | D93: ='Region 3'!D30 | E93: ='Region 3'!E30 | F93: ='Region 3'!F30 | G93: ='Region 3'!G30 | H93: ='Region 3'!H30
A94: ='Region 3'!A31 | B94: ='Region 3'!B31 | C94: ='Region 3'!C31 | D94: ='Region 3'!D31 | E94: ='Region 3'!E31 | F94: ='Region 3'!F31 | G94: ='Region 3'!G31 | H94: ='Region 3'!H31
A96: Region 3 | Ginger Positerry — UTILITY ALLOWANCES (monthly utility allowance per bedroom size)
A97: Property Name | B97: Studio | C97: 1 BR | D97: 2 BR | E97: 3 BR | F97: 4 BR | G97: 5 BR | H97: Notes
A98: ='Region 3'!A35 | B98: ='Region 3'!B35 | C98: ='Region 3'!C35 | D98: ='Region 3'!D35 | E98: ='Region 3'!E35 | F98: ='Region 3'!F35 | G98: ='Region 3'!G35 | H98: ='Region 3'!H35
A99: ='Region 3'!A36 | B99: ='Region 3'!B36 | C99: ='Region 3'!C36 | D99: ='Region 3'!D36 | E99: ='Region 3'!E36 | F99: ='Region 3'!F36 | G99: ='Region 3'!G36 | H99: ='Region 3'!H36
A100: ='Region 3'!A37 | B100: ='Region 3'!B37 | C100: ='Region 3'!C37 | D100: ='Region 3'!D37 | E100: ='Region 3'!E37 | F100: ='Region 3'!F37 | G100: ='Region 3'!G37 | H100: ='Region 3'!H37
A101: ='Region 3'!A38 | B101: ='Region 3'!B38 | C101: ='Region 3'!C38 | D101: ='Region 3'!D38 | E101: ='Region 3'!E38 | F101: ='Region 3'!F38 | G101: ='Region 3'!G38 | H101: ='Region 3'!H38
A102: ='Region 3'!A39 | B102: ='Region 3'!B39 | C102: ='Region 3'!C39 | D102: ='Region 3'!D39 | E102: ='Region 3'!E39 | F102: ='Region 3'!F39 | G102: ='Region 3'!G39 | H102: ='Region 3'!H39
A103: ='Region 3'!A40 | B103: ='Region 3'!B40 | C103: ='Region 3'!C40 | D103: ='Region 3'!D40 | E103: ='Region 3'!E40 | F103: ='Region 3'!F40 | G103: ='Region 3'!G40 | H103: ='Region 3'!H40
A104: ='Region 3'!A41 | B104: ='Region 3'!B41 | C104: ='Region 3'!C41 | D104: ='Region 3'!D41 | E104: ='Region 3'!E41 | F104: ='Region 3'!F41 | G104: ='Region 3'!G41 | H104: ='Region 3'!H41
A105: ='Region 3'!A42 | B105: ='Region 3'!B42 | C105: ='Region 3'!C42 | D105: ='Region 3'!D42 | E105: ='Region 3'!E42 | F105: ='Region 3'!F42 | G105: ='Region 3'!G42 | H105: ='Region 3'!H42
A106: ='Region 3'!A43 | B106: ='Region 3'!B43 | C106: ='Region 3'!C43 | D106: ='Region 3'!D43 | E106: ='Region 3'!E43 | F106: ='Region 3'!F43 | G106: ='Region 3'!G43 | H106: ='Region 3'!H43
A107: ='Region 3'!A44 | B107: ='Region 3'!B44 | C107: ='Region 3'!C44 | D107: ='Region 3'!D44 | E107: ='Region 3'!E44 | F107: ='Region 3'!F44 | G107: ='Region 3'!G44 | H107: ='Region 3'!H44
A108: ='Region 3'!A45 | B108: ='Region 3'!B45 | C108: ='Region 3'!C45 | D108: ='Region 3'!D45 | E108: ='Region 3'!E45 | F108: ='Region 3'!F45 | G108: ='Region 3'!G45 | H108: ='Region 3'!H45
...

Sheet Region Summary
A1: APARTMENT CORP | REGION SUMMARY
A2: Region | B2: Regional Manager | C2: Email | D2: # Properties | E2: Properties
A3: Region 1 | B3: JR Rolon | C3: jrrolon@apartmentcorp.com | D3: 9 | E3: Boca Ciega Townhomes Apts, Coral Village, Cumberland Apts, Holiday Apts, Jefferson Arms Apts, Macedonia Garden Apts, Opa Locka - 135th St Apts, Village Green Apts, Walnut Hill Apartments
A4: Region 2 | B4: Susan Lopez | C4: susan@apartmentcorp.com | D4: 6 | E4: Breckenridge Village, Grace Townhomes, Grove Park Terrace, La Promesa, Lexington Arms, River Pointe Apts
A5: Region 3 | B5: Ginger Positerry | C5: ginger@apartmentcorp.com | D5: 12 | E5: Arbor Crest Apts, Bayou Pointe, Gates - Property Manager, Howell Place, Marrero 3, North Pointe, Pelican Bay, Pirates Bend, Ruby Diamond / Star Homes, St. Charles Place, Thibodaux - Colonial Estates Apts, Yorkshire (office)/Windsor Village
A6: Region 4 | B6: Blake Weddington | C6: blake@apartmentcorp.com | D6: 12 | E6: Anaheim Gardens Apts, Columbia Village (Office), Fairfax Senior Apts (rings NWA), Forest View Senior Apts, Granite Ridge Apts, Midtown Manor (rings NWA), New Wilmington Arms (office), Oak Hills Apts, Pacific Pointe Apts, River Garden, Urban Rehab 1 (rings NWA), Urban Rehab 2
A7: Region 5 | B7: Leslie Rolon | C7: leslie@apartmentcorp.com | D7: 2 | E7: Silver Springs Terrace Apts, Thomasville Church Homes
